{
  "schema": "ai_evals_product_scorecard_v3",
  "price_per_1k_tokens_usd_assumption": 0.0,
  "pri_weights": {
    "memory": 0.35,
    "persona": 0.25,
    "recovery": 0.15,
    "non_contradiction": 0.15,
    "bri": 0.1
  },
  "leaderboard_top10": [
    {
      "profile": "phi_mini_t0",
      "model": "phi3:mini",
      "temperature": 0.0,
      "num_ctx": 2048,
      "n_scenarios": 104,
      "pri_mean": 0.3663458653846154,
      "pri_p50": 0.39999999999999997,
      "bri_mean": 0.6089730769230769,
      "memory_mean": 0.2692307692307692,
      "persona_mean": 0.28525576923076923,
      "contradiction_mean": 0.0673076923076923,
      "latency_ms_mean": 1730.3429487179487,
      "tokens_total_sum": 60516.0,
      "cost_usd_est_sum": 0.0,
      "ttft_ms_mean": 21.709837006410257,
      "prompt_tps_mean": 5542.607663968434,
      "decode_tps_mean": 100.264807905051,
      "prefill_time_share_mean": 0.022364729824961807,
      "reliability_per_1k_tokens_mean": 0.9399077922259746,
      "reliability_per_second_mean": 0.3293191509653794
    },
    {
      "profile": "qwen_14b_t0",
      "model": "qwen2.5:14b",
      "temperature": 0.0,
      "num_ctx": 2048,
      "n_scenarios": 104,
      "pri_mean": 0.3586544230769231,
      "pri_p50": 0.39999999999999997,
      "bri_mean": 0.6041692307692308,
      "memory_mean": 0.2692307692307692,
      "persona_mean": 0.3141038461538462,
      "contradiction_mean": 0.16346153846153846,
      "latency_ms_mean": 6950.953525641025,
      "tokens_total_sum": 46422.0,
      "cost_usd_est_sum": 0.0,
      "ttft_ms_mean": 38.05937720192308,
      "prompt_tps_mean": 2394.1527610414614,
      "decode_tps_mean": 21.20110602577489,
      "prefill_time_share_mean": 0.01674594053233274,
      "reliability_per_1k_tokens_mean": 1.4983799290144406,
      "reliability_per_second_mean": 0.132395686710058
    },
    {
      "profile": "mixtral_moe_7b_t0",
      "model": "mixtral:8x7b",
      "temperature": 0.0,
      "num_ctx": 2048,
      "n_scenarios": 52,
      "pri_mean": 0.3576928846153846,
      "pri_p50": 0.375,
      "bri_mean": 0.6041692307692308,
      "memory_mean": 0.2692307692307692,
      "persona_mean": 0.24679615384615383,
      "contradiction_mean": 0.057692307692307696,
      "latency_ms_mean": 13191.71794871795,
      "tokens_total_sum": 29199.0,
      "cost_usd_est_sum": 0.0,
      "ttft_ms_mean": 1090.758358423077,
      "prompt_tps_mean": 134.97807367305225,
      "decode_tps_mean": 14.110087894714459,
      "prefill_time_share_mean": 0.12420316013182744,
      "reliability_per_1k_tokens_mean": 0.8829299345913483,
      "reliability_per_second_mean": 0.03922419366423865
    },
    {
      "profile": "gemma_9b_t0",
      "model": "gemma2:9b-instruct-q4_K_M",
      "temperature": 0.2,
      "num_ctx": 2048,
      "n_scenarios": 104,
      "pri_mean": 0.35721139423076925,
      "pri_p50": 0.35000000000000003,
      "bri_mean": 0.6097750000000001,
      "memory_mean": 0.2692307692307692,
      "persona_mean": 0.2628201923076923,
      "contradiction_mean": 0.09134615384615384,
      "latency_ms_mean": 4351.254807692308,
      "tokens_total_sum": 45888.0,
      "cost_usd_est_sum": 0.0,
      "ttft_ms_mean": 28.368282195512823,
      "prompt_tps_mean": 3079.9648122891417,
      "decode_tps_mean": 34.76429683418684,
      "prefill_time_share_mean": 0.01673422069154117,
      "reliability_per_1k_tokens_mean": 1.1068197090527447,
      "reliability_per_second_mean": 0.14243632988737295
    },
    {
      "profile": "gpt_20b_t0",
      "model": "gpt-oss-safeguard:20b",
      "temperature": 0.0,
      "num_ctx": 2048,
      "n_scenarios": 156,
      "pri_mean": 0.35288461538461535,
      "pri_p50": 0.35000000000000003,
      "bri_mean": 0.5961538461538461,
      "memory_mean": 0.2692307692307692,
      "persona_mean": 0.25961538461538464,
      "contradiction_mean": 0.10576923076923077,
      "latency_ms_mean": 3400.9754273504273,
      "tokens_total_sum": 100119.0,
      "cost_usd_est_sum": 0.0,
      "ttft_ms_mean": 58.30268006089744,
      "prompt_tps_mean": 2385.6548857674024,
      "decode_tps_mean": 60.7852828287245,
      "prefill_time_share_mean": 0.02476151632024631,
      "reliability_per_1k_tokens_mean": 0.6648172066300938,
      "reliability_per_second_mean": 0.1347460634458023
    },
    {
      "profile": "qwen_3b_t0",
      "model": "qwen2.5:3b",
      "temperature": 0.0,
      "num_ctx": 2048,
      "n_scenarios": 104,
      "pri_mean": 0.33749942307692304,
      "pri_p50": 0.35000000000000003,
      "bri_mean": 0.5544846153846155,
      "memory_mean": 0.2692307692307692,
      "persona_mean": 0.24358846153846153,
      "contradiction_mean": 0.15384615384615385,
      "latency_ms_mean": 1190.9150641025642,
      "tokens_total_sum": 40426.0,
      "cost_usd_est_sum": 0.0,
      "ttft_ms_mean": 14.469806392628206,
      "prompt_tps_mean": 5676.105225196223,
      "decode_tps_mean": 114.00858857951219,
      "prefill_time_share_mean": 0.027087893998792825,
      "reliability_per_1k_tokens_mean": 1.4406242381996532,
      "reliability_per_second_mean": 0.5615834252084322
    },
    {
      "profile": "qwen_3b_t0",
      "model": "qwen2.5:3b",
      "temperature": 0.0,
      "num_ctx": 6144,
      "n_scenarios": 52,
      "pri_mean": 0.33749942307692304,
      "pri_p50": 0.35000000000000003,
      "bri_mean": 0.5544846153846155,
      "memory_mean": 0.2692307692307692,
      "persona_mean": 0.24358846153846153,
      "contradiction_mean": 0.15384615384615385,
      "latency_ms_mean": 1179.801282051282,
      "tokens_total_sum": 20213.0,
      "cost_usd_est_sum": 0.0,
      "ttft_ms_mean": 14.519813801282051,
      "prompt_tps_mean": 5677.710293371636,
      "decode_tps_mean": 114.94452510258319,
      "prefill_time_share_mean": 0.027524097897969217,
      "reliability_per_1k_tokens_mean": 1.4406242381996532,
      "reliability_per_second_mean": 0.5686311274771274
    }
  ],
  "notes": [
    "TTFT proxy is computed from prompt_eval_duration (prefill) when available.",
    "Prefill vs decode TPS help explain latency root causes (context tax vs generation speed).",
    "Cost is an estimate using a constant price_per_1k_tokens_usd; adapt if you have measured $/token."
  ]
}